LAD21NM,LAD21CD,LAD1,LAD1CD,LAD2,LAD2CD,LAD3,LAD3CD,LAD4,LAD4CD,LAD5,LAD5CD,LAD6,LAD6CD,LAD7,LAD7CD,LAD8,LAD8CD,LAD9,LAD9CD,LAD10,LAD10CD,LAD11,LAD11CD,LAD12,LAD12CD,LAD13,LAD13CD,LAD14,LAD14CD
Hartlepool,E06000001,Redcar and Cleveland,E06000003,Stockton-on-Tees,E06000004,County Durham,E06000047,,,,,,,,,,,,,,,,,,,,,,
Middlesbrough,E06000002,Redcar and Cleveland,E06000003,Stockton-on-Tees,E06000004,Hambleton,E07000164,,,,,,,,,,,,,,,,,,,,,,
Redcar and Cleveland,E06000003,Hartlepool,E06000001,Middlesbrough,E06000002,Stockton-on-Tees,E06000004,Hambleton,E07000164,Scarborough,E07000168,,,,,,,,,,,,,,,,,,
Stockton-on-Tees,E06000004,Hartlepool,E06000001,Middlesbrough,E06000002,Redcar and Cleveland,E06000003,Darlington,E06000005,County Durham,E06000047,Hambleton,E07000164,,,,,,,,,,,,,,,,
Darlington,E06000005,Stockton-on-Tees,E06000004,County Durham,E06000047,Hambleton,E07000164,Richmondshire,E07000166,,,,,,,,,,,,,,,,,,,,
Halton,E06000006,Warrington,E06000007,Cheshire West and Chester,E06000050,Knowsley,E08000011,Liverpool,E08000012,St. Helens,E08000013,,,,,,,,,,,,,,,,,,
Warrington,E06000007,Halton,E06000006,Cheshire East,E06000049,Cheshire West and Chester,E06000050,Salford,E08000006,Trafford,E08000009,Wigan,E08000010,St. Helens,E08000013,,,,,,,,,,,,,,
Blackburn with Darwen,E06000008,Chorley,E07000118,Hyndburn,E07000120,Ribble Valley,E07000124,Rossendale,E07000125,South Ribble,E07000126,Bolton,E08000001,Bury,E08000002,,,,,,,,,,,,,,
Blackpool,E06000009,Fylde,E07000119,Wyre,E07000128,,,,,,,,,,,,,,,,,,,,,,,,
"Kingston upon Hull, City of",E06000010,East Riding of Yorkshire,E06000011,,,,,,,,,,,,,,,,,,,,,,,,,,
East Riding of Yorkshire,E06000011,"Kingston upon Hull, City of",E06000010,North Lincolnshire,E06000013,York,E06000014,Ryedale,E07000167,Scarborough,E07000168,Selby,E07000169,Doncaster,E08000017,,,,,,,,,,,,,,
North East Lincolnshire,E06000012,North Lincolnshire,E06000013,East Lindsey,E07000137,West Lindsey,E07000142,,,,,,,,,,,,,,,,,,,,,,
North Lincolnshire,E06000013,East Riding of Yorkshire,E06000011,North East Lincolnshire,E06000012,West Lindsey,E07000142,Bassetlaw,E07000171,Doncaster,E08000017,,,,,,,,,,,,,,,,,,
York,E06000014,East Riding of Yorkshire,E06000011,Hambleton,E07000164,Harrogate,E07000165,Ryedale,E07000167,Selby,E07000169,,,,,,,,,,,,,,,,,,
Derby,E06000015,Amber Valley,E07000032,Erewash,E07000036,South Derbyshire,E07000039,,,,,,,,,,,,,,,,,,,,,,
Leicester,E06000016,Blaby,E07000129,Charnwood,E07000130,Harborough,E07000131,Oadby and Wigston,E07000135,,,,,,,,,,,,,,,,,,,,
Rutland,E06000017,North Northamptonshire,E06000061,Harborough,E07000131,Melton,E07000133,South Kesteven,E07000141,,,,,,,,,,,,,,,,,,,,
Nottingham,E06000018,Ashfield,E07000170,Broxtowe,E07000172,Gedling,E07000173,Rushcliffe,E07000176,,,,,,,,,,,,,,,,,,,,
"Herefordshire, County of",E06000019,Shropshire,E06000051,Forest of Dean,E07000080,Malvern Hills,E07000235,Monmouthshire,W06000021,Powys,W06000023,,,,,,,,,,,,,,,,,,
Telford and Wrekin,E06000020,Shropshire,E06000051,South Staffordshire,E07000196,Stafford,E07000197,,,,,,,,,,,,,,,,,,,,,,
Stoke-on-Trent,E06000021,Newcastle-under-Lyme,E07000195,Stafford,E07000197,Staffordshire Moorlands,E07000198,,,,,,,,,,,,,,,,,,,,,,
Bath and North East Somerset,E06000022,"Bristol, City of",E06000023,North Somerset,E06000024,South Gloucestershire,E06000025,Wiltshire,E06000054,Mendip,E07000187,,,,,,,,,,,,,,,,,,
"Bristol, City of",E06000023,Bath and North East Somerset,E06000022,North Somerset,E06000024,South Gloucestershire,E06000025,Cardiff,W06000015,Monmouthshire,W06000021,,,,,,,,,,,,,,,,,,
North Somerset,E06000024,Bath and North East Somerset,E06000022,"Bristol, City of",E06000023,Mendip,E07000187,Sedgemoor,E07000188,,,,,,,,,,,,,,,,,,,,
South Gloucestershire,E06000025,Bath and North East Somerset,E06000022,"Bristol, City of",E06000023,Wiltshire,E06000054,Cotswold,E07000079,Forest of Dean,E07000080,Stroud,E07000082,Monmouthshire,W06000021,,,,,,,,,,,,,,
Plymouth,E06000026,Cornwall,E06000052,South Hams,E07000044,,,,,,,,,,,,,,,,,,,,,,,,
Torbay,E06000027,South Hams,E07000044,Teignbridge,E07000045,,,,,,,,,,,,,,,,,,,,,,,,
Swindon,E06000030,Wiltshire,E06000054,Cotswold,E07000079,Vale of White Horse,E07000180,,,,,,,,,,,,,,,,,,,,,,
Peterborough,E06000031,North Northamptonshire,E06000061,Fenland,E07000010,Huntingdonshire,E07000011,South Holland,E07000140,South Kesteven,E07000141,,,,,,,,,,,,,,,,,,
Luton,E06000032,Central Bedfordshire,E06000056,North Hertfordshire,E07000099,,,,,,,,,,,,,,,,,,,,,,,,
Southend-on-Sea,E06000033,Castle Point,E07000069,Rochford,E07000075,,,,,,,,,,,,,,,,,,,,,,,,
Thurrock,E06000034,Medway,E06000035,Basildon,E07000066,Brentwood,E07000068,Castle Point,E07000069,Dartford,E07000107,Gravesham,E07000109,Bexley,E09000004,Havering,E09000016,,,,,,,,,,,,
Medway,E06000035,Thurrock,E06000034,Castle Point,E07000069,Gravesham,E07000109,Maidstone,E07000110,Swale,E07000113,Tonbridge and Malling,E07000115,,,,,,,,,,,,,,,,
Bracknell Forest,E06000036,Windsor and Maidenhead,E06000040,Wokingham,E06000041,Hart,E07000089,Surrey Heath,E07000214,,,,,,,,,,,,,,,,,,,,
West Berkshire,E06000037,Reading,E06000038,Wokingham,E06000041,Wiltshire,E06000054,Basingstoke and Deane,E07000084,Test Valley,E07000093,South Oxfordshire,E07000179,Vale of White Horse,E07000180,,,,,,,,,,,,,,
Reading,E06000038,West Berkshire,E06000037,Wokingham,E06000041,South Oxfordshire,E07000179,,,,,,,,,,,,,,,,,,,,,,
Slough,E06000039,Windsor and Maidenhead,E06000040,Buckinghamshire,E06000060,Spelthorne,E07000213,Hillingdon,E09000017,,,,,,,,,,,,,,,,,,,,
Windsor and Maidenhead,E06000040,Bracknell Forest,E06000036,Slough,E06000039,Wokingham,E06000041,Buckinghamshire,E06000060,Runnymede,E07000212,Spelthorne,E07000213,Surrey Heath,E07000214,,,,,,,,,,,,,,
Wokingham,E06000041,Bracknell Forest,E06000036,West Berkshire,E06000037,Reading,E06000038,Windsor and Maidenhead,E06000040,Buckinghamshire,E06000060,Basingstoke and Deane,E07000084,Hart,E07000089,South Oxfordshire,E07000179,,,,,,,,,,,,
Milton Keynes,E06000042,Bedford,E06000055,Central Bedfordshire,E06000056,Buckinghamshire,E06000060,North Northamptonshire,E06000061,West Northamptonshire,E06000062,,,,,,,,,,,,,,,,,,
Brighton and Hove,E06000043,Lewes,E07000063,Adur,E07000223,Horsham,E07000227,Mid Sussex,E07000228,,,,,,,,,,,,,,,,,,,,
Portsmouth,E06000044,Fareham,E07000087,Gosport,E07000088,Havant,E07000090,Winchester,E07000094,,,,,,,,,,,,,,,,,,,,
Southampton,E06000045,Eastleigh,E07000086,New Forest,E07000091,Test Valley,E07000093,,,,,,,,,,,,,,,,,,,,,,
Isle of Wight,E06000046,,,,,,,,,,,,,,,,,,,,,,,,,,,,
County Durham,E06000047,Hartlepool,E06000001,Stockton-on-Tees,E06000004,Darlington,E06000005,Northumberland,E06000057,Eden,E07000030,Richmondshire,E07000166,Sunderland,E08000024,Gateshead,E08000037,,,,,,,,,,,,
Cheshire East,E06000049,Warrington,E06000007,Cheshire West and Chester,E06000050,Shropshire,E06000051,High Peak,E07000037,Newcastle-under-Lyme,E07000195,Staffordshire Moorlands,E07000198,Manchester,E08000003,Stockport,E08000007,Trafford,E08000009,,,,,,,,,,
Cheshire West and Chester,E06000050,Halton,E06000006,Warrington,E06000007,Cheshire East,E06000049,Shropshire,E06000051,Liverpool,E08000012,Wirral,E08000015,Flintshire,W06000005,Wrexham,W06000006,,,,,,,,,,,,
Shropshire,E06000051,"Herefordshire, County of",E06000019,Telford and Wrekin,E06000020,Cheshire East,E06000049,Cheshire West and Chester,E06000050,Newcastle-under-Lyme,E07000195,South Staffordshire,E07000196,Stafford,E07000197,Malvern Hills,E07000235,Wyre Forest,E07000239,Wrexham,W06000006,Powys,W06000023,,,,,,
Cornwall,E06000052,Plymouth,E06000026,South Hams,E07000044,Torridge,E07000046,West Devon,E07000047,,,,,,,,,,,,,,,,,,,,
Isles of Scilly,E06000053,,,,,,,,,,,,,,,,,,,,,,,,,,,,
Wiltshire,E06000054,Bath and North East Somerset,E06000022,South Gloucestershire,E06000025,Swindon,E06000030,West Berkshire,E06000037,Dorset,E06000059,Cotswold,E07000079,New Forest,E07000091,Test Valley,E07000093,Vale of White Horse,E07000180,Mendip,E07000187,South Somerset,E07000189,,,,,,
Bedford,E06000055,Milton Keynes,E06000042,Central Bedfordshire,E06000056,North Northamptonshire,E06000061,Huntingdonshire,E07000011,,,,,,,,,,,,,,,,,,,,
Central Bedfordshire,E06000056,Luton,E06000032,Milton Keynes,E06000042,Bedford,E06000055,Buckinghamshire,E06000060,Huntingdonshire,E07000011,South Cambridgeshire,E07000012,Dacorum,E07000096,North Hertfordshire,E07000099,St Albans,E07000240,,,,,,,,,,
Northumberland,E06000057,County Durham,E06000047,Carlisle,E07000028,Eden,E07000030,Newcastle upon Tyne,E08000021,North Tyneside,E08000022,Gateshead,E08000037,,,,,,,,,,,,,,,,
"Bournemouth, Christchurch and Poole",E06000058,Dorset,E06000059,New Forest,E07000091,,,,,,,,,,,,,,,,,,,,,,,,
Dorset,E06000059,Wiltshire,E06000054,"Bournemouth, Christchurch and Poole",E06000058,East Devon,E07000040,New Forest,E07000091,South Somerset,E07000189,,,,,,,,,,,,,,,,,,
Buckinghamshire,E06000060,Slough,E06000039,Windsor and Maidenhead,E06000040,Wokingham,E06000041,Milton Keynes,E06000042,Central Bedfordshire,E06000056,West Northamptonshire,E06000062,Dacorum,E07000096,Three Rivers,E07000102,Cherwell,E07000177,South Oxfordshire,E07000179,Hillingdon,E09000017,,,,,,
North Northamptonshire,E06000061,Rutland,E06000017,Peterborough,E06000031,Milton Keynes,E06000042,Bedford,E06000055,West Northamptonshire,E06000062,Huntingdonshire,E07000011,Harborough,E07000131,South Kesteven,E07000141,,,,,,,,,,,,
West Northamptonshire,E06000062,Milton Keynes,E06000042,Buckinghamshire,E06000060,North Northamptonshire,E06000061,Harborough,E07000131,Cherwell,E07000177,Rugby,E07000220,Stratford-on-Avon,E07000221,,,,,,,,,,,,,,
Cambridge,E07000008,South Cambridgeshire,E07000012,,,,,,,,,,,,,,,,,,,,,,,,,,
East Cambridgeshire,E07000009,Fenland,E07000010,Huntingdonshire,E07000011,South Cambridgeshire,E07000012,King's Lynn and West Norfolk,E07000146,West Suffolk,E07000245,,,,,,,,,,,,,,,,,,
Fenland,E07000010,Peterborough,E06000031,East Cambridgeshire,E07000009,Huntingdonshire,E07000011,South Holland,E07000140,King's Lynn and West Norfolk,E07000146,,,,,,,,,,,,,,,,,,
Huntingdonshire,E07000011,Peterborough,E06000031,Bedford,E06000055,Central Bedfordshire,E06000056,North Northamptonshire,E06000061,East Cambridgeshire,E07000009,Fenland,E07000010,South Cambridgeshire,E07000012,,,,,,,,,,,,,,
South Cambridgeshire,E07000012,Central Bedfordshire,E06000056,Cambridge,E07000008,East Cambridgeshire,E07000009,Huntingdonshire,E07000011,Braintree,E07000067,Uttlesford,E07000077,North Hertfordshire,E07000099,West Suffolk,E07000245,,,,,,,,,,,,
Allerdale,E07000026,Carlisle,E07000028,Copeland,E07000029,Eden,E07000030,South Lakeland,E07000031,,,,,,,,,,,,,,,,,,,,
Barrow-in-Furness,E07000027,Copeland,E07000029,South Lakeland,E07000031,,,,,,,,,,,,,,,,,,,,,,,,
Carlisle,E07000028,Northumberland,E06000057,Allerdale,E07000026,Eden,E07000030,,,,,,,,,,,,,,,,,,,,,,
Copeland,E07000029,Allerdale,E07000026,Barrow-in-Furness,E07000027,South Lakeland,E07000031,,,,,,,,,,,,,,,,,,,,,,
Eden,E07000030,County Durham,E06000047,Northumberland,E06000057,Allerdale,E07000026,Carlisle,E07000028,South Lakeland,E07000031,Richmondshire,E07000166,,,,,,,,,,,,,,,,
South Lakeland,E07000031,Allerdale,E07000026,Barrow-in-Furness,E07000027,Copeland,E07000029,Eden,E07000030,Lancaster,E07000121,Craven,E07000163,Richmondshire,E07000166,,,,,,,,,,,,,,
Amber Valley,E07000032,Derby,E06000015,Bolsover,E07000033,Derbyshire Dales,E07000035,Erewash,E07000036,North East Derbyshire,E07000038,South Derbyshire,E07000039,Ashfield,E07000170,Broxtowe,E07000172,,,,,,,,,,,,
Bolsover,E07000033,Amber Valley,E07000032,Chesterfield,E07000034,North East Derbyshire,E07000038,Ashfield,E07000170,Bassetlaw,E07000171,Mansfield,E07000174,Rotherham,E08000018,,,,,,,,,,,,,,
Chesterfield,E07000034,Bolsover,E07000033,North East Derbyshire,E07000038,,,,,,,,,,,,,,,,,,,,,,,,
Derbyshire Dales,E07000035,Amber Valley,E07000032,High Peak,E07000037,North East Derbyshire,E07000038,South Derbyshire,E07000039,East Staffordshire,E07000193,Staffordshire Moorlands,E07000198,Sheffield,E08000019,,,,,,,,,,,,,,
Erewash,E07000036,Derby,E06000015,Amber Valley,E07000032,South Derbyshire,E07000039,North West Leicestershire,E07000134,Broxtowe,E07000172,Rushcliffe,E07000176,,,,,,,,,,,,,,,,
High Peak,E07000037,Cheshire East,E06000049,Derbyshire Dales,E07000035,Staffordshire Moorlands,E07000198,Oldham,E08000004,Stockport,E08000007,Tameside,E08000008,Barnsley,E08000016,Sheffield,E08000019,Kirklees,E08000034,,,,,,,,,,
North East Derbyshire,E07000038,Amber Valley,E07000032,Bolsover,E07000033,Chesterfield,E07000034,Derbyshire Dales,E07000035,Rotherham,E08000018,Sheffield,E08000019,,,,,,,,,,,,,,,,
South Derbyshire,E07000039,Derby,E06000015,Amber Valley,E07000032,Derbyshire Dales,E07000035,Erewash,E07000036,North West Leicestershire,E07000134,East Staffordshire,E07000193,Lichfield,E07000194,,,,,,,,,,,,,,
East Devon,E07000040,Dorset,E06000059,Exeter,E07000041,Mid Devon,E07000042,Teignbridge,E07000045,South Somerset,E07000189,Somerset West and Taunton,E07000246,,,,,,,,,,,,,,,,
Exeter,E07000041,East Devon,E07000040,Teignbridge,E07000045,,,,,,,,,,,,,,,,,,,,,,,,
Mid Devon,E07000042,East Devon,E07000040,North Devon,E07000043,Teignbridge,E07000045,Torridge,E07000046,West Devon,E07000047,Somerset West and Taunton,E07000246,,,,,,,,,,,,,,,,
North Devon,E07000043,Mid Devon,E07000042,Torridge,E07000046,Somerset West and Taunton,E07000246,,,,,,,,,,,,,,,,,,,,,,
South Hams,E07000044,Plymouth,E06000026,Torbay,E06000027,Cornwall,E06000052,Teignbridge,E07000045,West Devon,E07000047,,,,,,,,,,,,,,,,,,
Teignbridge,E07000045,Torbay,E06000027,East Devon,E07000040,Exeter,E07000041,Mid Devon,E07000042,South Hams,E07000044,West Devon,E07000047,,,,,,,,,,,,,,,,
Torridge,E07000046,Cornwall,E06000052,Mid Devon,E07000042,North Devon,E07000043,West Devon,E07000047,,,,,,,,,,,,,,,,,,,,
West Devon,E07000047,Cornwall,E06000052,Mid Devon,E07000042,South Hams,E07000044,Teignbridge,E07000045,Torridge,E07000046,,,,,,,,,,,,,,,,,,
Eastbourne,E07000061,Wealden,E07000065,,,,,,,,,,,,,,,,,,,,,,,,,,
Hastings,E07000062,Rother,E07000064,,,,,,,,,,,,,,,,,,,,,,,,,,
Lewes,E07000063,Brighton and Hove,E06000043,Wealden,E07000065,Mid Sussex,E07000228,,,,,,,,,,,,,,,,,,,,,,
Rother,E07000064,Hastings,E07000062,Wealden,E07000065,Ashford,E07000105,Folkestone and Hythe,E07000112,Tunbridge Wells,E07000116,,,,,,,,,,,,,,,,,,
Wealden,E07000065,Eastbourne,E07000061,Lewes,E07000063,Rother,E07000064,Sevenoaks,E07000111,Tunbridge Wells,E07000116,Tandridge,E07000215,Mid Sussex,E07000228,,,,,,,,,,,,,,
Basildon,E07000066,Thurrock,E06000034,Brentwood,E07000068,Castle Point,E07000069,Chelmsford,E07000070,Rochford,E07000075,,,,,,,,,,,,,,,,,,
Braintree,E07000067,South Cambridgeshire,E07000012,Chelmsford,E07000070,Colchester,E07000071,Maldon,E07000074,Uttlesford,E07000077,Babergh,E07000200,West Suffolk,E07000245,,,,,,,,,,,,,,
Brentwood,E07000068,Thurrock,E06000034,Basildon,E07000066,Chelmsford,E07000070,Epping Forest,E07000072,Havering,E09000016,,,,,,,,,,,,,,,,,,
Castle Point,E07000069,Southend-on-Sea,E06000033,Thurrock,E06000034,Medway,E06000035,Basildon,E07000066,Rochford,E07000075,,,,,,,,,,,,,,,,,,
Chelmsford,E07000070,Basildon,E07000066,Braintree,E07000067,Brentwood,E07000068,Epping Forest,E07000072,Maldon,E07000074,Rochford,E07000075,Uttlesford,E07000077,,,,,,,,,,,,,,
Colchester,E07000071,Braintree,E07000067,Maldon,E07000074,Tendring,E07000076,Babergh,E07000200,,,,,,,,,,,,,,,,,,,,
Epping Forest,E07000072,Brentwood,E07000068,Chelmsford,E07000070,Harlow,E07000073,Uttlesford,E07000077,Broxbourne,E07000095,East Hertfordshire,E07000242,Enfield,E09000010,Havering,E09000016,Redbridge,E09000026,Waltham Forest,E09000031,,,,,,,,
Harlow,E07000073,Epping Forest,E07000072,East Hertfordshire,E07000242,,,,,,,,,,,,,,,,,,,,,,,,
Maldon,E07000074,Braintree,E07000067,Chelmsford,E07000070,Colchester,E07000071,Rochford,E07000075,,,,,,,,,,,,,,,,,,,,
Rochford,E07000075,Southend-on-Sea,E06000033,Basildon,E07000066,Castle Point,E07000069,Chelmsford,E07000070,Maldon,E07000074,,,,,,,,,,,,,,,,,,
Tendring,E07000076,Colchester,E07000071,Babergh,E07000200,,,,,,,,,,,,,,,,,,,,,,,,
Uttlesford,E07000077,South Cambridgeshire,E07000012,Braintree,E07000067,Chelmsford,E07000070,Epping Forest,E07000072,North Hertfordshire,E07000099,East Hertfordshire,E07000242,,,,,,,,,,,,,,,,
Cheltenham,E07000078,Cotswold,E07000079,Tewkesbury,E07000083,,,,,,,,,,,,,,,,,,,,,,,,
Cotswold,E07000079,South Gloucestershire,E06000025,Swindon,E06000030,Wiltshire,E06000054,Cheltenham,E07000078,Stroud,E07000082,Tewkesbury,E07000083,Vale of White Horse,E07000180,West Oxfordshire,E07000181,Stratford-on-Avon,E07000221,Wychavon,E07000238,,,,,,,,
Forest of Dean,E07000080,"Herefordshire, County of",E06000019,South Gloucestershire,E06000025,Stroud,E07000082,Tewkesbury,E07000083,Malvern Hills,E07000235,Monmouthshire,W06000021,,,,,,,,,,,,,,,,
Gloucester,E07000081,Stroud,E07000082,Tewkesbury,E07000083,,,,,,,,,,,,,,,,,,,,,,,,
Stroud,E07000082,South Gloucestershire,E06000025,Cotswold,E07000079,Forest of Dean,E07000080,Gloucester,E07000081,Tewkesbury,E07000083,,,,,,,,,,,,,,,,,,
Tewkesbury,E07000083,Cheltenham,E07000078,Cotswold,E07000079,Forest of Dean,E07000080,Gloucester,E07000081,Stroud,E07000082,Malvern Hills,E07000235,Wychavon,E07000238,,,,,,,,,,,,,,
Basingstoke and Deane,E07000084,West Berkshire,E06000037,Wokingham,E06000041,East Hampshire,E07000085,Hart,E07000089,Test Valley,E07000093,Winchester,E07000094,,,,,,,,,,,,,,,,
East Hampshire,E07000085,Basingstoke and Deane,E07000084,Hart,E07000089,Havant,E07000090,Winchester,E07000094,Waverley,E07000216,Chichester,E07000225,,,,,,,,,,,,,,,,
Eastleigh,E07000086,Southampton,E06000045,Fareham,E07000087,New Forest,E07000091,Test Valley,E07000093,Winchester,E07000094,,,,,,,,,,,,,,,,,,
Fareham,E07000087,Portsmouth,E06000044,Eastleigh,E07000086,Gosport,E07000088,Winchester,E07000094,,,,,,,,,,,,,,,,,,,,
Gosport,E07000088,Portsmouth,E06000044,Fareham,E07000087,,,,,,,,,,,,,,,,,,,,,,,,
Hart,E07000089,Bracknell Forest,E06000036,Wokingham,E06000041,Basingstoke and Deane,E07000084,East Hampshire,E07000085,Rushmoor,E07000092,Surrey Heath,E07000214,Waverley,E07000216,,,,,,,,,,,,,,
Havant,E07000090,Portsmouth,E06000044,East Hampshire,E07000085,Winchester,E07000094,Chichester,E07000225,,,,,,,,,,,,,,,,,,,,
New Forest,E07000091,Southampton,E06000045,Wiltshire,E06000054,"Bournemouth, Christchurch and Poole",E06000058,Dorset,E06000059,Eastleigh,E07000086,Test Valley,E07000093,,,,,,,,,,,,,,,,
Rushmoor,E07000092,Hart,E07000089,Guildford,E07000209,Surrey Heath,E07000214,Waverley,E07000216,,,,,,,,,,,,,,,,,,,,
Test Valley,E07000093,West Berkshire,E06000037,Southampton,E06000045,Wiltshire,E06000054,Basingstoke and Deane,E07000084,Eastleigh,E07000086,New Forest,E07000091,Winchester,E07000094,,,,,,,,,,,,,,
Winchester,E07000094,Portsmouth,E06000044,Basingstoke and Deane,E07000084,East Hampshire,E07000085,Eastleigh,E07000086,Fareham,E07000087,Havant,E07000090,Test Valley,E07000093,,,,,,,,,,,,,,
Broxbourne,E07000095,Epping Forest,E07000072,Welwyn Hatfield,E07000241,East Hertfordshire,E07000242,Enfield,E09000010,,,,,,,,,,,,,,,,,,,,
Dacorum,E07000096,Central Bedfordshire,E06000056,Buckinghamshire,E06000060,Three Rivers,E07000102,St Albans,E07000240,,,,,,,,,,,,,,,,,,,,
Hertsmere,E07000098,Three Rivers,E07000102,Watford,E07000103,St Albans,E07000240,Welwyn Hatfield,E07000241,Barnet,E09000003,Enfield,E09000010,Harrow,E09000015,,,,,,,,,,,,,,
North Hertfordshire,E07000099,Luton,E06000032,Central Bedfordshire,E06000056,South Cambridgeshire,E07000012,Uttlesford,E07000077,St Albans,E07000240,Welwyn Hatfield,E07000241,East Hertfordshire,E07000242,Stevenage,E07000243,,,,,,,,,,,,
Three Rivers,E07000102,Buckinghamshire,E06000060,Dacorum,E07000096,Hertsmere,E07000098,Watford,E07000103,St Albans,E07000240,Harrow,E09000015,Hillingdon,E09000017,,,,,,,,,,,,,,
Watford,E07000103,Hertsmere,E07000098,Three Rivers,E07000102,St Albans,E07000240,,,,,,,,,,,,,,,,,,,,,,
Ashford,E07000105,Rother,E07000064,Canterbury,E07000106,Maidstone,E07000110,Folkestone and Hythe,E07000112,Swale,E07000113,Tunbridge Wells,E07000116,,,,,,,,,,,,,,,,
Canterbury,E07000106,Ashford,E07000105,Dover,E07000108,Folkestone and Hythe,E07000112,Swale,E07000113,Thanet,E07000114,,,,,,,,,,,,,,,,,,
Dartford,E07000107,Thurrock,E06000034,Gravesham,E07000109,Sevenoaks,E07000111,Bexley,E09000004,,,,,,,,,,,,,,,,,,,,
Dover,E07000108,Canterbury,E07000106,Folkestone and Hythe,E07000112,Thanet,E07000114,,,,,,,,,,,,,,,,,,,,,,
Gravesham,E07000109,Thurrock,E06000034,Medway,E06000035,Dartford,E07000107,Sevenoaks,E07000111,Tonbridge and Malling,E07000115,,,,,,,,,,,,,,,,,,
Maidstone,E07000110,Medway,E06000035,Ashford,E07000105,Swale,E07000113,Tonbridge and Malling,E07000115,Tunbridge Wells,E07000116,,,,,,,,,,,,,,,,,,
Sevenoaks,E07000111,Wealden,E07000065,Dartford,E07000107,Gravesham,E07000109,Tonbridge and Malling,E07000115,Tunbridge Wells,E07000116,Tandridge,E07000215,Bexley,E09000004,Bromley,E09000006,,,,,,,,,,,,
Folkestone and Hythe,E07000112,Rother,E07000064,Ashford,E07000105,Canterbury,E07000106,Dover,E07000108,,,,,,,,,,,,,,,,,,,,
Swale,E07000113,Medway,E06000035,Ashford,E07000105,Canterbury,E07000106,Maidstone,E07000110,,,,,,,,,,,,,,,,,,,,
Thanet,E07000114,Canterbury,E07000106,Dover,E07000108,,,,,,,,,,,,,,,,,,,,,,,,
Tonbridge and Malling,E07000115,Medway,E06000035,Gravesham,E07000109,Maidstone,E07000110,Sevenoaks,E07000111,Tunbridge Wells,E07000116,,,,,,,,,,,,,,,,,,
Tunbridge Wells,E07000116,Rother,E07000064,Wealden,E07000065,Ashford,E07000105,Maidstone,E07000110,Sevenoaks,E07000111,Tonbridge and Malling,E07000115,,,,,,,,,,,,,,,,
Burnley,E07000117,Hyndburn,E07000120,Pendle,E07000122,Ribble Valley,E07000124,Rossendale,E07000125,Calderdale,E08000033,,,,,,,,,,,,,,,,,,
Chorley,E07000118,Blackburn with Darwen,E06000008,South Ribble,E07000126,West Lancashire,E07000127,Bolton,E08000001,Wigan,E08000010,,,,,,,,,,,,,,,,,,
Fylde,E07000119,Blackpool,E06000009,Preston,E07000123,South Ribble,E07000126,West Lancashire,E07000127,Wyre,E07000128,,,,,,,,,,,,,,,,,,
Hyndburn,E07000120,Blackburn with Darwen,E06000008,Burnley,E07000117,Ribble Valley,E07000124,Rossendale,E07000125,,,,,,,,,,,,,,,,,,,,
Lancaster,E07000121,South Lakeland,E07000031,Ribble Valley,E07000124,Wyre,E07000128,Craven,E07000163,,,,,,,,,,,,,,,,,,,,
Pendle,E07000122,Burnley,E07000117,Ribble Valley,E07000124,Craven,E07000163,Bradford,E08000032,Calderdale,E08000033,,,,,,,,,,,,,,,,,,
Preston,E07000123,Fylde,E07000119,Ribble Valley,E07000124,South Ribble,E07000126,Wyre,E07000128,,,,,,,,,,,,,,,,,,,,
Ribble Valley,E07000124,Blackburn with Darwen,E06000008,Burnley,E07000117,Hyndburn,E07000120,Lancaster,E07000121,Pendle,E07000122,Preston,E07000123,South Ribble,E07000126,Wyre,E07000128,Craven,E07000163,,,,,,,,,,
Rossendale,E07000125,Blackburn with Darwen,E06000008,Burnley,E07000117,Hyndburn,E07000120,Bury,E08000002,Rochdale,E08000005,Calderdale,E08000033,,,,,,,,,,,,,,,,
South Ribble,E07000126,Blackburn with Darwen,E06000008,Chorley,E07000118,Fylde,E07000119,Preston,E07000123,Ribble Valley,E07000124,West Lancashire,E07000127,,,,,,,,,,,,,,,,
West Lancashire,E07000127,Chorley,E07000118,Fylde,E07000119,South Ribble,E07000126,Wigan,E08000010,Knowsley,E08000011,St. Helens,E08000013,Sefton,E08000014,,,,,,,,,,,,,,
Wyre,E07000128,Blackpool,E06000009,Fylde,E07000119,Lancaster,E07000121,Preston,E07000123,Ribble Valley,E07000124,,,,,,,,,,,,,,,,,,
Blaby,E07000129,Leicester,E06000016,Charnwood,E07000130,Harborough,E07000131,Hinckley and Bosworth,E07000132,Oadby and Wigston,E07000135,Rugby,E07000220,,,,,,,,,,,,,,,,
Charnwood,E07000130,Leicester,E06000016,Blaby,E07000129,Harborough,E07000131,Hinckley and Bosworth,E07000132,Melton,E07000133,North West Leicestershire,E07000134,Rushcliffe,E07000176,,,,,,,,,,,,,,
Harborough,E07000131,Leicester,E06000016,Rutland,E06000017,North Northamptonshire,E06000061,West Northamptonshire,E06000062,Blaby,E07000129,Charnwood,E07000130,Melton,E07000133,Oadby and Wigston,E07000135,Rugby,E07000220,,,,,,,,,,
Hinckley and Bosworth,E07000132,Blaby,E07000129,Charnwood,E07000130,North West Leicestershire,E07000134,North Warwickshire,E07000218,Nuneaton and Bedworth,E07000219,Rugby,E07000220,,,,,,,,,,,,,,,,
Melton,E07000133,Rutland,E06000017,Charnwood,E07000130,Harborough,E07000131,South Kesteven,E07000141,Newark and Sherwood,E07000175,Rushcliffe,E07000176,,,,,,,,,,,,,,,,
North West Leicestershire,E07000134,Erewash,E07000036,South Derbyshire,E07000039,Charnwood,E07000130,Hinckley and Bosworth,E07000132,Rushcliffe,E07000176,Lichfield,E07000194,North Warwickshire,E07000218,,,,,,,,,,,,,,
Oadby and Wigston,E07000135,Leicester,E06000016,Blaby,E07000129,Harborough,E07000131,,,,,,,,,,,,,,,,,,,,,,
Boston,E07000136,East Lindsey,E07000137,North Kesteven,E07000139,South Holland,E07000140,,,,,,,,,,,,,,,,,,,,,,
East Lindsey,E07000137,North East Lincolnshire,E06000012,Boston,E07000136,North Kesteven,E07000139,West Lindsey,E07000142,,,,,,,,,,,,,,,,,,,,
Lincoln,E07000138,North Kesteven,E07000139,West Lindsey,E07000142,,,,,,,,,,,,,,,,,,,,,,,,
North Kesteven,E07000139,Boston,E07000136,East Lindsey,E07000137,Lincoln,E07000138,South Holland,E07000140,South Kesteven,E07000141,West Lindsey,E07000142,Newark and Sherwood,E07000175,,,,,,,,,,,,,,
South Holland,E07000140,Peterborough,E06000031,Fenland,E07000010,Boston,E07000136,North Kesteven,E07000139,South Kesteven,E07000141,King's Lynn and West Norfolk,E07000146,,,,,,,,,,,,,,,,
South Kesteven,E07000141,Rutland,E06000017,Peterborough,E06000031,North Northamptonshire,E06000061,Melton,E07000133,North Kesteven,E07000139,South Holland,E07000140,Newark and Sherwood,E07000175,,,,,,,,,,,,,,
West Lindsey,E07000142,North East Lincolnshire,E06000012,North Lincolnshire,E06000013,East Lindsey,E07000137,Lincoln,E07000138,North Kesteven,E07000139,Bassetlaw,E07000171,Newark and Sherwood,E07000175,,,,,,,,,,,,,,
Breckland,E07000143,Broadland,E07000144,King's Lynn and West Norfolk,E07000146,North Norfolk,E07000147,South Norfolk,E07000149,Mid Suffolk,E07000203,West Suffolk,E07000245,,,,,,,,,,,,,,,,
Broadland,E07000144,Breckland,E07000143,Great Yarmouth,E07000145,North Norfolk,E07000147,Norwich,E07000148,South Norfolk,E07000149,,,,,,,,,,,,,,,,,,
Great Yarmouth,E07000145,Broadland,E07000144,North Norfolk,E07000147,South Norfolk,E07000149,East Suffolk,E07000244,,,,,,,,,,,,,,,,,,,,
King's Lynn and West Norfolk,E07000146,East Cambridgeshire,E07000009,Fenland,E07000010,South Holland,E07000140,Breckland,E07000143,North Norfolk,E07000147,West Suffolk,E07000245,,,,,,,,,,,,,,,,
North Norfolk,E07000147,Breckland,E07000143,Broadland,E07000144,Great Yarmouth,E07000145,King's Lynn and West Norfolk,E07000146,,,,,,,,,,,,,,,,,,,,
Norwich,E07000148,Broadland,E07000144,South Norfolk,E07000149,,,,,,,,,,,,,,,,,,,,,,,,
South Norfolk,E07000149,Breckland,E07000143,Broadland,E07000144,Great Yarmouth,E07000145,Norwich,E07000148,Mid Suffolk,E07000203,East Suffolk,E07000244,,,,,,,,,,,,,,,,
Craven,E07000163,South Lakeland,E07000031,Lancaster,E07000121,Pendle,E07000122,Ribble Valley,E07000124,Harrogate,E07000165,Richmondshire,E07000166,Bradford,E08000032,,,,,,,,,,,,,,
Hambleton,E07000164,Middlesbrough,E06000002,Redcar and Cleveland,E06000003,Stockton-on-Tees,E06000004,Darlington,E06000005,York,E06000014,Harrogate,E07000165,Richmondshire,E07000166,Ryedale,E07000167,Scarborough,E07000168,,,,,,,,,,
Harrogate,E07000165,York,E06000014,Craven,E07000163,Hambleton,E07000164,Richmondshire,E07000166,Selby,E07000169,Bradford,E08000032,Leeds,E08000035,,,,,,,,,,,,,,
Richmondshire,E07000166,Darlington,E06000005,County Durham,E06000047,Eden,E07000030,South Lakeland,E07000031,Craven,E07000163,Hambleton,E07000164,Harrogate,E07000165,,,,,,,,,,,,,,
Ryedale,E07000167,East Riding of Yorkshire,E06000011,York,E06000014,Hambleton,E07000164,Scarborough,E07000168,,,,,,,,,,,,,,,,,,,,
Scarborough,E07000168,Redcar and Cleveland,E06000003,East Riding of Yorkshire,E06000011,Hambleton,E07000164,Ryedale,E07000167,,,,,,,,,,,,,,,,,,,,
Selby,E07000169,East Riding of Yorkshire,E06000011,York,E06000014,Harrogate,E07000165,Doncaster,E08000017,Leeds,E08000035,Wakefield,E08000036,,,,,,,,,,,,,,,,
Ashfield,E07000170,Nottingham,E06000018,Amber Valley,E07000032,Bolsover,E07000033,Broxtowe,E07000172,Gedling,E07000173,Mansfield,E07000174,Newark and Sherwood,E07000175,,,,,,,,,,,,,,
Bassetlaw,E07000171,North Lincolnshire,E06000013,Bolsover,E07000033,West Lindsey,E07000142,Mansfield,E07000174,Newark and Sherwood,E07000175,Doncaster,E08000017,Rotherham,E08000018,,,,,,,,,,,,,,
Broxtowe,E07000172,Nottingham,E06000018,Amber Valley,E07000032,Erewash,E07000036,Ashfield,E07000170,Rushcliffe,E07000176,,,,,,,,,,,,,,,,,,
Gedling,E07000173,Nottingham,E06000018,Ashfield,E07000170,Newark and Sherwood,E07000175,Rushcliffe,E07000176,,,,,,,,,,,,,,,,,,,,
Mansfield,E07000174,Bolsover,E07000033,Ashfield,E07000170,Bassetlaw,E07000171,Newark and Sherwood,E07000175,,,,,,,,,,,,,,,,,,,,
Newark and Sherwood,E07000175,Melton,E07000133,North Kesteven,E07000139,South Kesteven,E07000141,West Lindsey,E07000142,Ashfield,E07000170,Bassetlaw,E07000171,Gedling,E07000173,Mansfield,E07000174,Rushcliffe,E07000176,,,,,,,,,,
Rushcliffe,E07000176,Nottingham,E06000018,Erewash,E07000036,Charnwood,E07000130,Melton,E07000133,North West Leicestershire,E07000134,Broxtowe,E07000172,Gedling,E07000173,Newark and Sherwood,E07000175,,,,,,,,,,,,
Cherwell,E07000177,Buckinghamshire,E06000060,West Northamptonshire,E06000062,Oxford,E07000178,South Oxfordshire,E07000179,Vale of White Horse,E07000180,West Oxfordshire,E07000181,Stratford-on-Avon,E07000221,,,,,,,,,,,,,,
Oxford,E07000178,Cherwell,E07000177,South Oxfordshire,E07000179,Vale of White Horse,E07000180,,,,,,,,,,,,,,,,,,,,,,
South Oxfordshire,E07000179,West Berkshire,E06000037,Reading,E06000038,Wokingham,E06000041,Buckinghamshire,E06000060,Cherwell,E07000177,Oxford,E07000178,Vale of White Horse,E07000180,,,,,,,,,,,,,,
Vale of White Horse,E07000180,Swindon,E06000030,West Berkshire,E06000037,Wiltshire,E06000054,Cotswold,E07000079,Cherwell,E07000177,Oxford,E07000178,South Oxfordshire,E07000179,West Oxfordshire,E07000181,,,,,,,,,,,,
West Oxfordshire,E07000181,Cotswold,E07000079,Cherwell,E07000177,Vale of White Horse,E07000180,Stratford-on-Avon,E07000221,,,,,,,,,,,,,,,,,,,,
Mendip,E07000187,Bath and North East Somerset,E06000022,North Somerset,E06000024,Wiltshire,E06000054,Sedgemoor,E07000188,South Somerset,E07000189,,,,,,,,,,,,,,,,,,
Sedgemoor,E07000188,North Somerset,E06000024,Mendip,E07000187,South Somerset,E07000189,Somerset West and Taunton,E07000246,,,,,,,,,,,,,,,,,,,,
South Somerset,E07000189,Wiltshire,E06000054,Dorset,E06000059,East Devon,E07000040,Mendip,E07000187,Sedgemoor,E07000188,Somerset West and Taunton,E07000246,,,,,,,,,,,,,,,,
Cannock Chase,E07000192,Lichfield,E07000194,South Staffordshire,E07000196,Stafford,E07000197,Walsall,E08000030,,,,,,,,,,,,,,,,,,,,
East Staffordshire,E07000193,Derbyshire Dales,E07000035,South Derbyshire,E07000039,Lichfield,E07000194,Stafford,E07000197,Staffordshire Moorlands,E07000198,,,,,,,,,,,,,,,,,,
Lichfield,E07000194,South Derbyshire,E07000039,North West Leicestershire,E07000134,Cannock Chase,E07000192,East Staffordshire,E07000193,Stafford,E07000197,Tamworth,E07000199,North Warwickshire,E07000218,Birmingham,E08000025,Walsall,E08000030,,,,,,,,,,
Newcastle-under-Lyme,E07000195,Stoke-on-Trent,E06000021,Cheshire East,E06000049,Shropshire,E06000051,Stafford,E07000197,Staffordshire Moorlands,E07000198,,,,,,,,,,,,,,,,,,
South Staffordshire,E07000196,Telford and Wrekin,E06000020,Shropshire,E06000051,Cannock Chase,E07000192,Stafford,E07000197,Bromsgrove,E07000234,Wyre Forest,E07000239,Dudley,E08000027,Walsall,E08000030,Wolverhampton,E08000031,,,,,,,,,,
Stafford,E07000197,Telford and Wrekin,E06000020,Stoke-on-Trent,E06000021,Shropshire,E06000051,Cannock Chase,E07000192,East Staffordshire,E07000193,Lichfield,E07000194,Newcastle-under-Lyme,E07000195,South Staffordshire,E07000196,Staffordshire Moorlands,E07000198,,,,,,,,,,
Staffordshire Moorlands,E07000198,Stoke-on-Trent,E06000021,Cheshire East,E06000049,Derbyshire Dales,E07000035,High Peak,E07000037,East Staffordshire,E07000193,Newcastle-under-Lyme,E07000195,Stafford,E07000197,,,,,,,,,,,,,,
Tamworth,E07000199,Lichfield,E07000194,North Warwickshire,E07000218,,,,,,,,,,,,,,,,,,,,,,,,
Babergh,E07000200,Braintree,E07000067,Colchester,E07000071,Tendring,E07000076,Ipswich,E07000202,Mid Suffolk,E07000203,East Suffolk,E07000244,West Suffolk,E07000245,,,,,,,,,,,,,,
Ipswich,E07000202,Babergh,E07000200,Mid Suffolk,E07000203,East Suffolk,E07000244,,,,,,,,,,,,,,,,,,,,,,
Mid Suffolk,E07000203,Breckland,E07000143,South Norfolk,E07000149,Babergh,E07000200,Ipswich,E07000202,East Suffolk,E07000244,West Suffolk,E07000245,,,,,,,,,,,,,,,,
Elmbridge,E07000207,Guildford,E07000209,Mole Valley,E07000210,Runnymede,E07000212,Spelthorne,E07000213,Woking,E07000217,Kingston upon Thames,E09000021,Richmond upon Thames,E09000027,,,,,,,,,,,,,,
Epsom and Ewell,E07000208,Mole Valley,E07000210,Reigate and Banstead,E07000211,Kingston upon Thames,E09000021,Sutton,E09000029,,,,,,,,,,,,,,,,,,,,
Guildford,E07000209,Rushmoor,E07000092,Elmbridge,E07000207,Mole Valley,E07000210,Surrey Heath,E07000214,Waverley,E07000216,Woking,E07000217,,,,,,,,,,,,,,,,
Mole Valley,E07000210,Elmbridge,E07000207,Epsom and Ewell,E07000208,Guildford,E07000209,Reigate and Banstead,E07000211,Waverley,E07000216,Crawley,E07000226,Horsham,E07000227,Kingston upon Thames,E09000021,,,,,,,,,,,,
Reigate and Banstead,E07000211,Epsom and Ewell,E07000208,Mole Valley,E07000210,Tandridge,E07000215,Crawley,E07000226,Croydon,E09000008,Sutton,E09000029,,,,,,,,,,,,,,,,
Runnymede,E07000212,Windsor and Maidenhead,E06000040,Elmbridge,E07000207,Spelthorne,E07000213,Surrey Heath,E07000214,Woking,E07000217,,,,,,,,,,,,,,,,,,
Spelthorne,E07000213,Slough,E06000039,Windsor and Maidenhead,E06000040,Elmbridge,E07000207,Runnymede,E07000212,Hillingdon,E09000017,Hounslow,E09000018,Richmond upon Thames,E09000027,,,,,,,,,,,,,,
Surrey Heath,E07000214,Bracknell Forest,E06000036,Windsor and Maidenhead,E06000040,Hart,E07000089,Rushmoor,E07000092,Guildford,E07000209,Runnymede,E07000212,Woking,E07000217,,,,,,,,,,,,,,
Tandridge,E07000215,Wealden,E07000065,Sevenoaks,E07000111,Reigate and Banstead,E07000211,Crawley,E07000226,Mid Sussex,E07000228,Bromley,E09000006,Croydon,E09000008,,,,,,,,,,,,,,
Waverley,E07000216,East Hampshire,E07000085,Hart,E07000089,Rushmoor,E07000092,Guildford,E07000209,Mole Valley,E07000210,Chichester,E07000225,Horsham,E07000227,,,,,,,,,,,,,,
Woking,E07000217,Elmbridge,E07000207,Guildford,E07000209,Runnymede,E07000212,Surrey Heath,E07000214,,,,,,,,,,,,,,,,,,,,
North Warwickshire,E07000218,Hinckley and Bosworth,E07000132,North West Leicestershire,E07000134,Lichfield,E07000194,Tamworth,E07000199,Nuneaton and Bedworth,E07000219,Birmingham,E08000025,Coventry,E08000026,Solihull,E08000029,,,,,,,,,,,,
Nuneaton and Bedworth,E07000219,Hinckley and Bosworth,E07000132,North Warwickshire,E07000218,Rugby,E07000220,Coventry,E08000026,,,,,,,,,,,,,,,,,,,,
Rugby,E07000220,West Northamptonshire,E06000062,Blaby,E07000129,Harborough,E07000131,Hinckley and Bosworth,E07000132,Nuneaton and Bedworth,E07000219,Stratford-on-Avon,E07000221,Warwick,E07000222,Coventry,E08000026,,,,,,,,,,,,
Stratford-on-Avon,E07000221,West Northamptonshire,E06000062,Cotswold,E07000079,Cherwell,E07000177,West Oxfordshire,E07000181,Rugby,E07000220,Warwick,E07000222,Bromsgrove,E07000234,Redditch,E07000236,Wychavon,E07000238,Solihull,E08000029,,,,,,,,
Warwick,E07000222,Rugby,E07000220,Stratford-on-Avon,E07000221,Coventry,E08000026,Solihull,E08000029,,,,,,,,,,,,,,,,,,,,
Adur,E07000223,Brighton and Hove,E06000043,Arun,E07000224,Horsham,E07000227,Worthing,E07000229,,,,,,,,,,,,,,,,,,,,
Arun,E07000224,Adur,E07000223,Chichester,E07000225,Horsham,E07000227,Worthing,E07000229,,,,,,,,,,,,,,,,,,,,
Chichester,E07000225,East Hampshire,E07000085,Havant,E07000090,Waverley,E07000216,Arun,E07000224,Horsham,E07000227,,,,,,,,,,,,,,,,,,
Crawley,E07000226,Mole Valley,E07000210,Reigate and Banstead,E07000211,Tandridge,E07000215,Horsham,E07000227,Mid Sussex,E07000228,,,,,,,,,,,,,,,,,,
Horsham,E07000227,Brighton and Hove,E06000043,Mole Valley,E07000210,Waverley,E07000216,Adur,E07000223,Arun,E07000224,Chichester,E07000225,Crawley,E07000226,Mid Sussex,E07000228,,,,,,,,,,,,
Mid Sussex,E07000228,Brighton and Hove,E06000043,Lewes,E07000063,Wealden,E07000065,Tandridge,E07000215,Crawley,E07000226,Horsham,E07000227,,,,,,,,,,,,,,,,
Worthing,E07000229,Adur,E07000223,Arun,E07000224,,,,,,,,,,,,,,,,,,,,,,,,
Bromsgrove,E07000234,South Staffordshire,E07000196,Stratford-on-Avon,E07000221,Redditch,E07000236,Wychavon,E07000238,Wyre Forest,E07000239,Birmingham,E08000025,Dudley,E08000027,Solihull,E08000029,,,,,,,,,,,,
Malvern Hills,E07000235,"Herefordshire, County of",E06000019,Shropshire,E06000051,Forest of Dean,E07000080,Tewkesbury,E07000083,Worcester,E07000237,Wychavon,E07000238,Wyre Forest,E07000239,,,,,,,,,,,,,,
Redditch,E07000236,Stratford-on-Avon,E07000221,Bromsgrove,E07000234,Wychavon,E07000238,,,,,,,,,,,,,,,,,,,,,,
Worcester,E07000237,Malvern Hills,E07000235,Wychavon,E07000238,,,,,,,,,,,,,,,,,,,,,,,,
Wychavon,E07000238,Cotswold,E07000079,Tewkesbury,E07000083,Stratford-on-Avon,E07000221,Bromsgrove,E07000234,Malvern Hills,E07000235,Redditch,E07000236,Worcester,E07000237,Wyre Forest,E07000239,,,,,,,,,,,,
Wyre Forest,E07000239,Shropshire,E06000051,South Staffordshire,E07000196,Bromsgrove,E07000234,Malvern Hills,E07000235,Wychavon,E07000238,,,,,,,,,,,,,,,,,,
St Albans,E07000240,Central Bedfordshire,E06000056,Dacorum,E07000096,Hertsmere,E07000098,North Hertfordshire,E07000099,Three Rivers,E07000102,Watford,E07000103,Welwyn Hatfield,E07000241,,,,,,,,,,,,,,
Welwyn Hatfield,E07000241,Broxbourne,E07000095,Hertsmere,E07000098,North Hertfordshire,E07000099,St Albans,E07000240,East Hertfordshire,E07000242,Enfield,E09000010,,,,,,,,,,,,,,,,
East Hertfordshire,E07000242,Epping Forest,E07000072,Harlow,E07000073,Uttlesford,E07000077,Broxbourne,E07000095,North Hertfordshire,E07000099,Welwyn Hatfield,E07000241,Stevenage,E07000243,,,,,,,,,,,,,,
Stevenage,E07000243,North Hertfordshire,E07000099,East Hertfordshire,E07000242,,,,,,,,,,,,,,,,,,,,,,,,
East Suffolk,E07000244,Great Yarmouth,E07000145,South Norfolk,E07000149,Babergh,E07000200,Ipswich,E07000202,Mid Suffolk,E07000203,,,,,,,,,,,,,,,,,,
West Suffolk,E07000245,East Cambridgeshire,E07000009,South Cambridgeshire,E07000012,Braintree,E07000067,Breckland,E07000143,King's Lynn and West Norfolk,E07000146,Babergh,E07000200,Mid Suffolk,E07000203,,,,,,,,,,,,,,
Somerset West and Taunton,E07000246,East Devon,E07000040,Mid Devon,E07000042,North Devon,E07000043,Sedgemoor,E07000188,South Somerset,E07000189,,,,,,,,,,,,,,,,,,
Bolton,E08000001,Blackburn with Darwen,E06000008,Chorley,E07000118,Bury,E08000002,Salford,E08000006,Wigan,E08000010,,,,,,,,,,,,,,,,,,
Bury,E08000002,Blackburn with Darwen,E06000008,Rossendale,E07000125,Bolton,E08000001,Manchester,E08000003,Rochdale,E08000005,Salford,E08000006,,,,,,,,,,,,,,,,
Manchester,E08000003,Cheshire East,E06000049,Bury,E08000002,Oldham,E08000004,Rochdale,E08000005,Salford,E08000006,Stockport,E08000007,Tameside,E08000008,Trafford,E08000009,,,,,,,,,,,,
Oldham,E08000004,High Peak,E07000037,Manchester,E08000003,Rochdale,E08000005,Tameside,E08000008,Calderdale,E08000033,Kirklees,E08000034,,,,,,,,,,,,,,,,
Rochdale,E08000005,Rossendale,E07000125,Bury,E08000002,Manchester,E08000003,Oldham,E08000004,Calderdale,E08000033,,,,,,,,,,,,,,,,,,
Salford,E08000006,Warrington,E06000007,Bolton,E08000001,Bury,E08000002,Manchester,E08000003,Trafford,E08000009,Wigan,E08000010,,,,,,,,,,,,,,,,
Stockport,E08000007,Cheshire East,E06000049,High Peak,E07000037,Manchester,E08000003,Tameside,E08000008,,,,,,,,,,,,,,,,,,,,
Tameside,E08000008,High Peak,E07000037,Manchester,E08000003,Oldham,E08000004,Stockport,E08000007,,,,,,,,,,,,,,,,,,,,
Trafford,E08000009,Warrington,E06000007,Cheshire East,E06000049,Manchester,E08000003,Salford,E08000006,,,,,,,,,,,,,,,,,,,,
Wigan,E08000010,Warrington,E06000007,Chorley,E07000118,West Lancashire,E07000127,Bolton,E08000001,Salford,E08000006,St. Helens,E08000013,,,,,,,,,,,,,,,,
Knowsley,E08000011,Halton,E06000006,West Lancashire,E07000127,Liverpool,E08000012,St. Helens,E08000013,Sefton,E08000014,,,,,,,,,,,,,,,,,,
Liverpool,E08000012,Halton,E06000006,Cheshire West and Chester,E06000050,Knowsley,E08000011,Sefton,E08000014,Wirral,E08000015,,,,,,,,,,,,,,,,,,
St. Helens,E08000013,Halton,E06000006,Warrington,E06000007,West Lancashire,E07000127,Wigan,E08000010,Knowsley,E08000011,,,,,,,,,,,,,,,,,,
Sefton,E08000014,West Lancashire,E07000127,Knowsley,E08000011,Liverpool,E08000012,Wirral,E08000015,,,,,,,,,,,,,,,,,,,,
Wirral,E08000015,Cheshire West and Chester,E06000050,Liverpool,E08000012,Sefton,E08000014,Flintshire,W06000005,,,,,,,,,,,,,,,,,,,,
Barnsley,E08000016,High Peak,E07000037,Doncaster,E08000017,Rotherham,E08000018,Sheffield,E08000019,Kirklees,E08000034,Wakefield,E08000036,,,,,,,,,,,,,,,,
Doncaster,E08000017,East Riding of Yorkshire,E06000011,North Lincolnshire,E06000013,Selby,E07000169,Bassetlaw,E07000171,Barnsley,E08000016,Rotherham,E08000018,Wakefield,E08000036,,,,,,,,,,,,,,
Rotherham,E08000018,Bolsover,E07000033,North East Derbyshire,E07000038,Bassetlaw,E07000171,Barnsley,E08000016,Doncaster,E08000017,Sheffield,E08000019,,,,,,,,,,,,,,,,
Sheffield,E08000019,Derbyshire Dales,E07000035,High Peak,E07000037,North East Derbyshire,E07000038,Barnsley,E08000016,Rotherham,E08000018,,,,,,,,,,,,,,,,,,
Newcastle upon Tyne,E08000021,Northumberland,E06000057,North Tyneside,E08000022,South Tyneside,E08000023,Gateshead,E08000037,,,,,,,,,,,,,,,,,,,,
North Tyneside,E08000022,Northumberland,E06000057,Newcastle upon Tyne,E08000021,South Tyneside,E08000023,,,,,,,,,,,,,,,,,,,,,,
South Tyneside,E08000023,Newcastle upon Tyne,E08000021,North Tyneside,E08000022,Sunderland,E08000024,Gateshead,E08000037,,,,,,,,,,,,,,,,,,,,
Sunderland,E08000024,County Durham,E06000047,South Tyneside,E08000023,Gateshead,E08000037,,,,,,,,,,,,,,,,,,,,,,
Birmingham,E08000025,Lichfield,E07000194,North Warwickshire,E07000218,Bromsgrove,E07000234,Dudley,E08000027,Sandwell,E08000028,Solihull,E08000029,Walsall,E08000030,,,,,,,,,,,,,,
Coventry,E08000026,North Warwickshire,E07000218,Nuneaton and Bedworth,E07000219,Rugby,E07000220,Warwick,E07000222,Solihull,E08000029,,,,,,,,,,,,,,,,,,
Dudley,E08000027,South Staffordshire,E07000196,Bromsgrove,E07000234,Birmingham,E08000025,Sandwell,E08000028,Wolverhampton,E08000031,,,,,,,,,,,,,,,,,,
Sandwell,E08000028,Birmingham,E08000025,Dudley,E08000027,Walsall,E08000030,Wolverhampton,E08000031,,,,,,,,,,,,,,,,,,,,
Solihull,E08000029,North Warwickshire,E07000218,Stratford-on-Avon,E07000221,Warwick,E07000222,Bromsgrove,E07000234,Birmingham,E08000025,Coventry,E08000026,,,,,,,,,,,,,,,,
Walsall,E08000030,Cannock Chase,E07000192,Lichfield,E07000194,South Staffordshire,E07000196,Birmingham,E08000025,Sandwell,E08000028,Wolverhampton,E08000031,,,,,,,,,,,,,,,,
Wolverhampton,E08000031,South Staffordshire,E07000196,Dudley,E08000027,Sandwell,E08000028,Walsall,E08000030,,,,,,,,,,,,,,,,,,,,
Bradford,E08000032,Pendle,E07000122,Craven,E07000163,Harrogate,E07000165,Calderdale,E08000033,Kirklees,E08000034,Leeds,E08000035,,,,,,,,,,,,,,,,
Calderdale,E08000033,Burnley,E07000117,Pendle,E07000122,Rossendale,E07000125,Oldham,E08000004,Rochdale,E08000005,Bradford,E08000032,Kirklees,E08000034,,,,,,,,,,,,,,
Kirklees,E08000034,High Peak,E07000037,Oldham,E08000004,Barnsley,E08000016,Bradford,E08000032,Calderdale,E08000033,Leeds,E08000035,Wakefield,E08000036,,,,,,,,,,,,,,
Leeds,E08000035,Harrogate,E07000165,Selby,E07000169,Bradford,E08000032,Kirklees,E08000034,Wakefield,E08000036,,,,,,,,,,,,,,,,,,
Wakefield,E08000036,Selby,E07000169,Barnsley,E08000016,Doncaster,E08000017,Kirklees,E08000034,Leeds,E08000035,,,,,,,,,,,,,,,,,,
Gateshead,E08000037,County Durham,E06000047,Northumberland,E06000057,Newcastle upon Tyne,E08000021,South Tyneside,E08000023,Sunderland,E08000024,,,,,,,,,,,,,,,,,,
City of London,E09000001,Camden,E09000007,Hackney,E09000012,Islington,E09000019,Lambeth,E09000022,Southwark,E09000028,Tower Hamlets,E09000030,Westminster,E09000033,,,,,,,,,,,,,,
Barking and Dagenham,E09000002,Bexley,E09000004,Greenwich,E09000011,Havering,E09000016,Newham,E09000025,Redbridge,E09000026,,,,,,,,,,,,,,,,,,
Barnet,E09000003,Hertsmere,E07000098,Brent,E09000005,Camden,E09000007,Enfield,E09000010,Haringey,E09000014,Harrow,E09000015,,,,,,,,,,,,,,,,
Bexley,E09000004,Thurrock,E06000034,Dartford,E07000107,Sevenoaks,E07000111,Barking and Dagenham,E09000002,Bromley,E09000006,Greenwich,E09000011,Havering,E09000016,,,,,,,,,,,,,,
Brent,E09000005,Barnet,E09000003,Camden,E09000007,Ealing,E09000009,Hammersmith and Fulham,E09000013,Harrow,E09000015,Kensington and Chelsea,E09000020,Westminster,E09000033,,,,,,,,,,,,,,
Bromley,E09000006,Sevenoaks,E07000111,Tandridge,E07000215,Bexley,E09000004,Croydon,E09000008,Greenwich,E09000011,Lambeth,E09000022,Lewisham,E09000023,Southwark,E09000028,,,,,,,,,,,,
Camden,E09000007,City of London,E09000001,Barnet,E09000003,Brent,E09000005,Haringey,E09000014,Islington,E09000019,Westminster,E09000033,,,,,,,,,,,,,,,,
Croydon,E09000008,Reigate and Banstead,E07000211,Tandridge,E07000215,Bromley,E09000006,Lambeth,E09000022,Merton,E09000024,Sutton,E09000029,,,,,,,,,,,,,,,,
Ealing,E09000009,Brent,E09000005,Hammersmith and Fulham,E09000013,Harrow,E09000015,Hillingdon,E09000017,Hounslow,E09000018,,,,,,,,,,,,,,,,,,
Enfield,E09000010,Epping Forest,E07000072,Broxbourne,E07000095,Hertsmere,E07000098,Welwyn Hatfield,E07000241,Barnet,E09000003,Haringey,E09000014,Waltham Forest,E09000031,,,,,,,,,,,,,,
Greenwich,E09000011,Barking and Dagenham,E09000002,Bexley,E09000004,Bromley,E09000006,Lewisham,E09000023,Newham,E09000025,Tower Hamlets,E09000030,,,,,,,,,,,,,,,,
Hackney,E09000012,City of London,E09000001,Haringey,E09000014,Islington,E09000019,Newham,E09000025,Tower Hamlets,E09000030,Waltham Forest,E09000031,,,,,,,,,,,,,,,,
Hammersmith and Fulham,E09000013,Brent,E09000005,Ealing,E09000009,Hounslow,E09000018,Kensington and Chelsea,E09000020,Richmond upon Thames,E09000027,Wandsworth,E09000032,,,,,,,,,,,,,,,,
Haringey,E09000014,Barnet,E09000003,Camden,E09000007,Enfield,E09000010,Hackney,E09000012,Islington,E09000019,Waltham Forest,E09000031,,,,,,,,,,,,,,,,
Harrow,E09000015,Hertsmere,E07000098,Three Rivers,E07000102,Barnet,E09000003,Brent,E09000005,Ealing,E09000009,Hillingdon,E09000017,,,,,,,,,,,,,,,,
Havering,E09000016,Thurrock,E06000034,Brentwood,E07000068,Epping Forest,E07000072,Barking and Dagenham,E09000002,Bexley,E09000004,Redbridge,E09000026,,,,,,,,,,,,,,,,
Hillingdon,E09000017,Slough,E06000039,Buckinghamshire,E06000060,Three Rivers,E07000102,Spelthorne,E07000213,Ealing,E09000009,Harrow,E09000015,Hounslow,E09000018,,,,,,,,,,,,,,
Hounslow,E09000018,Spelthorne,E07000213,Ealing,E09000009,Hammersmith and Fulham,E09000013,Hillingdon,E09000017,Richmond upon Thames,E09000027,,,,,,,,,,,,,,,,,,
Islington,E09000019,City of London,E09000001,Camden,E09000007,Hackney,E09000012,Haringey,E09000014,,,,,,,,,,,,,,,,,,,,
Kensington and Chelsea,E09000020,Brent,E09000005,Hammersmith and Fulham,E09000013,Wandsworth,E09000032,Westminster,E09000033,,,,,,,,,,,,,,,,,,,,
Kingston upon Thames,E09000021,Elmbridge,E07000207,Epsom and Ewell,E07000208,Mole Valley,E07000210,Merton,E09000024,Richmond upon Thames,E09000027,Sutton,E09000029,Wandsworth,E09000032,,,,,,,,,,,,,,
Lambeth,E09000022,City of London,E09000001,Bromley,E09000006,Croydon,E09000008,Merton,E09000024,Southwark,E09000028,Wandsworth,E09000032,Westminster,E09000033,,,,,,,,,,,,,,
Lewisham,E09000023,Bromley,E09000006,Greenwich,E09000011,Southwark,E09000028,Tower Hamlets,E09000030,,,,,,,,,,,,,,,,,,,,
Merton,E09000024,Croydon,E09000008,Kingston upon Thames,E09000021,Lambeth,E09000022,Sutton,E09000029,Wandsworth,E09000032,,,,,,,,,,,,,,,,,,
Newham,E09000025,Barking and Dagenham,E09000002,Greenwich,E09000011,Hackney,E09000012,Redbridge,E09000026,Tower Hamlets,E09000030,Waltham Forest,E09000031,,,,,,,,,,,,,,,,
Redbridge,E09000026,Epping Forest,E07000072,Barking and Dagenham,E09000002,Havering,E09000016,Newham,E09000025,Waltham Forest,E09000031,,,,,,,,,,,,,,,,,,
Richmond upon Thames,E09000027,Elmbridge,E07000207,Spelthorne,E07000213,Hammersmith and Fulham,E09000013,Hounslow,E09000018,Kingston upon Thames,E09000021,Wandsworth,E09000032,,,,,,,,,,,,,,,,
Southwark,E09000028,City of London,E09000001,Bromley,E09000006,Lambeth,E09000022,Lewisham,E09000023,Tower Hamlets,E09000030,,,,,,,,,,,,,,,,,,
Sutton,E09000029,Epsom and Ewell,E07000208,Reigate and Banstead,E07000211,Croydon,E09000008,Kingston upon Thames,E09000021,Merton,E09000024,,,,,,,,,,,,,,,,,,
Tower Hamlets,E09000030,City of London,E09000001,Greenwich,E09000011,Hackney,E09000012,Lewisham,E09000023,Newham,E09000025,Southwark,E09000028,,,,,,,,,,,,,,,,
Waltham Forest,E09000031,Epping Forest,E07000072,Enfield,E09000010,Hackney,E09000012,Haringey,E09000014,Newham,E09000025,Redbridge,E09000026,,,,,,,,,,,,,,,,
Wandsworth,E09000032,Hammersmith and Fulham,E09000013,Kensington and Chelsea,E09000020,Kingston upon Thames,E09000021,Lambeth,E09000022,Merton,E09000024,Richmond upon Thames,E09000027,Westminster,E09000033,,,,,,,,,,,,,,
Westminster,E09000033,City of London,E09000001,Brent,E09000005,Camden,E09000007,Kensington and Chelsea,E09000020,Lambeth,E09000022,Wandsworth,E09000032,,,,,,,,,,,,,,,,
Isle of Anglesey,W06000001,,,,,,,,,,,,,,,,,,,,,,,,,,,,
Gwynedd,W06000002,Conwy,W06000003,Denbighshire,W06000004,Ceredigion,W06000008,Powys,W06000023,,,,,,,,,,,,,,,,,,,,
Conwy,W06000003,Gwynedd,W06000002,Denbighshire,W06000004,,,,,,,,,,,,,,,,,,,,,,,,
Denbighshire,W06000004,Gwynedd,W06000002,Conwy,W06000003,Flintshire,W06000005,Wrexham,W06000006,Powys,W06000023,,,,,,,,,,,,,,,,,,
Flintshire,W06000005,Cheshire West and Chester,E06000050,Wirral,E08000015,Denbighshire,W06000004,Wrexham,W06000006,,,,,,,,,,,,,,,,,,,,
Wrexham,W06000006,Cheshire West and Chester,E06000050,Shropshire,E06000051,Denbighshire,W06000004,Flintshire,W06000005,Powys,W06000023,,,,,,,,,,,,,,,,,,
Ceredigion,W06000008,Gwynedd,W06000002,Pembrokeshire,W06000009,Carmarthenshire,W06000010,Powys,W06000023,,,,,,,,,,,,,,,,,,,,
Pembrokeshire,W06000009,Ceredigion,W06000008,Carmarthenshire,W06000010,,,,,,,,,,,,,,,,,,,,,,,,
Carmarthenshire,W06000010,Ceredigion,W06000008,Pembrokeshire,W06000009,Swansea,W06000011,Neath Port Talbot,W06000012,Powys,W06000023,,,,,,,,,,,,,,,,,,
Swansea,W06000011,Carmarthenshire,W06000010,Neath Port Talbot,W06000012,,,,,,,,,,,,,,,,,,,,,,,,
Neath Port Talbot,W06000012,Carmarthenshire,W06000010,Swansea,W06000011,Bridgend,W06000013,Rhondda Cynon Taf,W06000016,Powys,W06000023,,,,,,,,,,,,,,,,,,
Bridgend,W06000013,Neath Port Talbot,W06000012,Vale of Glamorgan,W06000014,Rhondda Cynon Taf,W06000016,,,,,,,,,,,,,,,,,,,,,,
Vale of Glamorgan,W06000014,Bridgend,W06000013,Cardiff,W06000015,Rhondda Cynon Taf,W06000016,,,,,,,,,,,,,,,,,,,,,,
Cardiff,W06000015,"Bristol, City of",E06000023,Vale of Glamorgan,W06000014,Rhondda Cynon Taf,W06000016,Caerphilly,W06000018,Newport,W06000022,,,,,,,,,,,,,,,,,,
Rhondda Cynon Taf,W06000016,Neath Port Talbot,W06000012,Bridgend,W06000013,Vale of Glamorgan,W06000014,Cardiff,W06000015,Caerphilly,W06000018,Powys,W06000023,Merthyr Tydfil,W06000024,,,,,,,,,,,,,,
Caerphilly,W06000018,Cardiff,W06000015,Rhondda Cynon Taf,W06000016,Blaenau Gwent,W06000019,Torfaen,W06000020,Newport,W06000022,Powys,W06000023,Merthyr Tydfil,W06000024,,,,,,,,,,,,,,
Blaenau Gwent,W06000019,Caerphilly,W06000018,Torfaen,W06000020,Monmouthshire,W06000021,Powys,W06000023,,,,,,,,,,,,,,,,,,,,
Torfaen,W06000020,Caerphilly,W06000018,Blaenau Gwent,W06000019,Monmouthshire,W06000021,Newport,W06000022,,,,,,,,,,,,,,,,,,,,
Monmouthshire,W06000021,"Herefordshire, County of",E06000019,"Bristol, City of",E06000023,South Gloucestershire,E06000025,Forest of Dean,E07000080,Blaenau Gwent,W06000019,Torfaen,W06000020,Newport,W06000022,Powys,W06000023,,,,,,,,,,,,
Newport,W06000022,Cardiff,W06000015,Caerphilly,W06000018,Torfaen,W06000020,Monmouthshire,W06000021,,,,,,,,,,,,,,,,,,,,
Powys,W06000023,"Herefordshire, County of",E06000019,Shropshire,E06000051,Gwynedd,W06000002,Denbighshire,W06000004,Wrexham,W06000006,Ceredigion,W06000008,Carmarthenshire,W06000010,Neath Port Talbot,W06000012,Rhondda Cynon Taf,W06000016,Caerphilly,W06000018,Blaenau Gwent,W06000019,Monmouthshire,W06000021,Merthyr Tydfil,W06000024,,
Merthyr Tydfil,W06000024,Rhondda Cynon Taf,W06000016,Caerphilly,W06000018,Powys,W06000023,,,,,,,,,,,,,,,,,,,,,,
